{
	"model": {
	  "type": "minecraft:select",
	  "property": "minecraft:display_context",
	  "cases": [
		{
		  "when": [
			"gui",
			"ground",
			"fixed"
		  ],
		  "model": {
			"type": "minecraft:model",
			"model": "foodstuff:item/garden_pie"
		  }
		}
	  ],
	  "fallback": {
		"type": "minecraft:condition",
		"property": "minecraft:using_item",
		"on_true": {
		  "type": "minecraft:range_dispatch",
		  "property": "minecraft:use_duration",
		  "remaining": true,
		  "scale": 0.048,
		  "entries": [
			{
			  "threshold": 1,
			  "model": {
				"type": "minecraft:model",
				"model": "foodstuff:item/garden_pie_model"
			  }
			},
			{
			  "threshold": 0.65,
			  "model": {
				"type": "minecraft:model",
				"model": "foodstuff:item/garden_pie_model_eaten_0"
			  }
			},
			{
			  "threshold": 0.42,
			  "model": {
				"type": "minecraft:model",
				"model": "foodstuff:item/garden_pie_model_eaten_1"
			  }
			},
			{
			  "threshold": 0.35,
			  "model": {
				"type": "minecraft:model",
				"model": "foodstuff:item/garden_pie_model_eaten_2"
			  }
			}
		  ],
		  "fallback": {
			"type": "minecraft:model",
			"model": "foodstuff:item/garden_pie_model_eaten_2"
		  }
		},
		"on_false": {
		  "type": "minecraft:model",
		  "model": "foodstuff:item/garden_pie_model"
		}
	  }
	}
  }