{
	"credit": "Made with Blockbench",
	"parent": "minecraft:item/handheld",
	"textures": {
		"layer0": "item/amethyst_beer"
	},
	"display": {
		"thirdperson_righthand": {
			"rotation": [9, 90, 0],
			"translation": [0, 3.75, 1.25],
			"scale": [0.88, 0.88, 0.83]
		},
		"thirdperson_lefthand": {
			"rotation": [9, 90, 0],
			"translation": [0, 3.75, 1.25],
			"scale": [0.88, 0.88, 0.83]
		},
		"firstperson_righthand": {
			"rotation": [0, 90, 0],
			"translation": [7.25, -0.25, -7.5],
			"scale": [1, 1, 0.99]
		},
		"firstperson_lefthand": {
			"rotation": [0, 90, 0],
			"translation": [7.25, -0.75, -7.5],
			"scale": [1, 1, 0.99]
		},
		"ground": {
			"translation": [0, 1.75, 0],
			"scale": [0.84, 0.84, 0.84]
		},
		"gui": {
			"translation": [0, 1.25, 0],
			"scale": [1.45, 1.45, 1.45]
		},
		"head": {
			"translation": [0.25, 10.25, -7.5]
		},
		"fixed": {
			"scale": [1.16, 1.16, 1]
		}
	}
}