{
	"credit": "Made with Blockbench",
	"parent": "item/generated",
	"textures": {
		"layer0": "item/amethyst_katana"
	},
	"gui_light": "front",
	"display": {
		"thirdperson_righthand": {
			"rotation": [-42.25, -90, 0],
			"translation": [0, 3.5, 2],
			"scale": [3.4, 3.4, 1]
		},
		"thirdperson_lefthand": {
			"rotation": [0, 90, -55],
			"translation": [0, 4, 0.5],
			"scale": [3.4, 3.4, 1]
		},
		"firstperson_righthand": {
			"rotation": [-30, -90, 25],
			"translation": [2.38, 3.2, 0.13],
			"scale": [2.72, 2.72, 1]
		},
		"firstperson_lefthand": {
			"rotation": [0, 90, -25],
			"translation": [1.13, 3.2, 1.13],
			"scale": [2.72, 2.72, 1]
		},
		"ground": {
			"scale": [2, 2, 1]
		},
		"gui": {
			"translation": [-0.75, -1.25, 0],
			"scale": [2.1, 2.1, 2.1]
		},
		"head": {
			"translation": [0, 8, 0]
		},
		"fixed": {
			"scale": [4, 4, 1.5]
		}
	}
}