{
	"credit": "Made with Blockbench",
	"parent": "item/generated",
	"textures": {
		"layer0": "item/amethyst_shield"
	},
	"gui_light": "front",
	"display": {
		"thirdperson_righthand": {
			"rotation": [40, -90, 0],
			"translation": [2.75, -1.25, 1.25],
			"scale": [2.5, 2.5, 1]
		},
		"thirdperson_lefthand": {
			"rotation": [40, -90, 0],
			"translation": [2.75, -1.25, 1.25],
			"scale": [2.5, 2.5, 1]
		},
		"firstperson_righthand": {
			"rotation": [9, -180, 0],
			"translation": [6.63, -1.8, -4.37],
			"scale": [2.72, 2.72, 1]
		},
		"firstperson_lefthand": {
			"rotation": [9, -180, 0],
			"translation": [6.63, -1.8, -4.37],
			"scale": [2.72, 2.72, 1]
		},
		"ground": {
			"translation": [0, 1.25, 0],
			"scale": [2, 2, 1]
		},
		"gui": {
			"translation": [-0.75, -1.25, 0],
			"scale": [2.1, 2.1, 2.1]
		},
		"head": {
			"translation": [0, 8, 0]
		},
		"fixed": {
			"scale": [4, 4, 1.5]
		}
	}
}