{
	"format_version": "1.21.6",
	"credit": "Made with Blockbench",
	"parent": "minecraft:item/handheld",
	"textures": {
		"layer0": "item/amethyst_apple"
	},
	"display": {
		"thirdperson_righthand": {
			"rotation": [50, 90, 0],
			"translation": [0, 5.75, 1.25],
			"scale": [1.1, 1.1, 0.83]
		},
		"thirdperson_lefthand": {
			"rotation": [51, -90, 0],
			"translation": [0, 5.75, 1.25],
			"scale": [1.1, 1.1, 1]
		},
		"firstperson_righthand": {
			"rotation": [-26, 101, 49],
			"translation": [9, 4.75, -6],
			"scale": [1, 1.27, 0.68]
		},
		"firstperson_lefthand": {
			"rotation": [24, -76, 0],
			"translation": [7.25, 3, -6],
			"scale": [1, 1.27, 0.68]
		},
		"ground": {
			"translation": [0, 3.25, 0],
			"scale": [0.84, 0.84, 0.84]
		},
		"head": {
			"rotation": [-180, 0, 0],
			"translation": [-10.75, 7, 0]
		},
		"fixed": {
			"scale": [1.16, 1.16, 1]
		}
	}
}