{
	"credit": "Made with Blockbench",
	"parent": "minecraft:item/handheld",
	"textures": {
		"layer0": "item/amethyst_sword"
	},
	"display": {
		"thirdperson_righthand": {
			"rotation": [50, 90, 0],
			"translation": [0, 5.75, 1.25],
			"scale": [1.1, 1.1, 0.83]
		},
		"thirdperson_lefthand": {
			"rotation": [-38, 90, 0],
			"translation": [0, 5.75, 1.25],
			"scale": [1.1, 1.1, 1]
		},
		"firstperson_righthand": {
			"rotation": [-4, 113, 48],
			"translation": [7.25, 3, -6],
			"scale": [1, 1.27, 0.68]
		},
		"firstperson_lefthand": {
			"rotation": [-81, 98, -4],
			"translation": [7.25, 3, -6],
			"scale": [1, 1.27, 0.68]
		},
		"ground": {
			"translation": [0, 6.75, 0],
			"scale": [0.84, 0.84, 0.84]
		},
		"head": {
			"rotation": [-180, 0, 0],
			"translation": [-10.75, 7, 0]
		},
		"fixed": {
			"scale": [1.16, 1.16, 1]
		}
	}
}