{
	"texture_size": [32, 32],
	"textures": {
		"0": "foodstuff:item/glow_berry_pie_texture",
		"particle": "foodstuff:item/glow_berry_pie"
	},
	"elements": [
		{
			"from": [8, 0, 8],
			"to": [13, 5, 13],
			"rotation": {"angle": 0, "axis": "y", "origin": [8, 0, 8]},
			"faces": {
				"north": {"uv": [10, 5, 12.5, 7.5], "texture": "#0"},
				"east": {"uv": [5, 5, 7.5, 7.5], "texture": "#0"},
				"south": {"uv": [2.5, 5, 5, 7.5], "texture": "#0"},
				"west": {"uv": [12.5, 5, 15, 7.5], "texture": "#0"},
				"up": {"uv": [2.5, 2.5, 5, 5], "texture": "#0"},
				"down": {"uv": [7.5, 0, 10, 2.5], "texture": "#0"}
			}
		}
	],
	"display": {
		"thirdperson_righthand": {
			"rotation": [45, 0, 0],
			"translation": [0, 5.25, 2.75],
			"scale": [0.75, 0.75, 0.75]
		},
		"thirdperson_lefthand": {
			"rotation": [45, 0, 0],
			"translation": [0, 5.25, 2.75],
			"scale": [0.75, 0.75, 0.75]
		},
		"firstperson_righthand": {
			"rotation": [0, 45, 0],
			"translation": [0, 5.75, 0]
		},
		"firstperson_lefthand": {
			"rotation": [0, -45, 0],
			"translation": [0, 5.75, 0]
		},
		"ground": {
			"translation": [0, 4, 0]
		},
		"gui": {
			"rotation": [30, 45, 0],
			"translation": [0, 4.25, 0]
		},
		"head": {
			"translation": [0, 14.25, 0]
		}
	}
}